Grid Name,Latitude,Longitude
Grid-1-1,24.75,66.6
Grid-1-2,24.75,66.618
Grid-1-3,24.75,66.636
Grid-1-4,24.75,66.654
Grid-1-5,24.75,66.672
Grid-1-6,24.75,66.69
Grid-1-7,24.75,66.708
Grid-1-8,24.75,66.726
Grid-1-9,24.75,66.744
Grid-1-10,24.75,66.762
Grid-1-11,24.75,66.78
Grid-1-12,24.75,66.798
Grid-1-13,24.75,66.816
Grid-1-14,24.75,66.834
Grid-1-15,24.75,66.852
Grid-1-16,24.75,66.87
Grid-1-17,24.75,66.888
Grid-1-18,24.75,66.906
Grid-1-19,24.75,66.924
Grid-1-20,24.75,66.942
Grid-1-21,24.75,66.96
Grid-1-22,24.75,66.978
Grid-1-23,24.75,66.996
Grid-1-24,24.75,67.014
Grid-1-25,24.75,67.032
Grid-1-26,24.75,67.05
Grid-1-27,24.75,67.068
Grid-1-28,24.75,67.086
Grid-2-1,24.768,66.6
Grid-2-2,24.768,66.618
Grid-2-3,24.768,66.636
Grid-2-4,24.768,66.654
Grid-2-5,24.768,66.672
Grid-2-6,24.768,66.69
Grid-2-7,24.768,66.708
Grid-2-8,24.768,66.726
Grid-2-9,24.768,66.744
Grid-2-10,24.768,66.762
Grid-2-11,24.768,66.78
Grid-2-12,24.768,66.798
Grid-2-13,24.768,66.816
Grid-2-14,24.768,66.834
Grid-2-15,24.768,66.852
Grid-2-16,24.768,66.87
Grid-2-17,24.768,66.888
Grid-2-18,24.768,66.906
Grid-2-19,24.768,66.924
Grid-2-20,24.768,66.942
Grid-2-21,24.768,66.96
Grid-2-22,24.768,66.978
Grid-2-23,24.768,66.996
Grid-2-24,24.768,67.014
Grid-2-25,24.768,67.032
Grid-2-26,24.768,67.05
Grid-2-27,24.768,67.068
Grid-2-28,24.768,67.086
Grid-3-1,24.786,66.6
Grid-3-2,24.786,66.618
Grid-3-3,24.786,66.636
Grid-3-4,24.786,66.654
Grid-3-5,24.786,66.672
Grid-3-6,24.786,66.69
Grid-3-7,24.786,66.708
Grid-3-8,24.786,66.726
Grid-3-9,24.786,66.744
Grid-3-10,24.786,66.762
Grid-3-11,24.786,66.78
Grid-3-12,24.786,66.798
Grid-3-13,24.786,66.816
Grid-3-14,24.786,66.834
Grid-3-15,24.786,66.852
Grid-3-16,24.786,66.87
Grid-3-17,24.786,66.888
Grid-3-18,24.786,66.906
Grid-3-19,24.786,66.924
Grid-3-20,24.786,66.942
Grid-3-21,24.786,66.96
Grid-3-22,24.786,66.978
Grid-3-23,24.786,66.996
Grid-3-24,24.786,67.014
Grid-3-25,24.786,67.032
Grid-3-26,24.786,67.05
Grid-3-27,24.786,67.068
Grid-3-28,24.786,67.086
Grid-4-1,24.804,66.6
Grid-4-2,24.804,66.618
Grid-4-3,24.804,66.636
Grid-4-4,24.804,66.654
Grid-4-5,24.804,66.672
Grid-4-6,24.804,66.69
Grid-4-7,24.804,66.708
Grid-4-8,24.804,66.726
Grid-4-9,24.804,66.744
Grid-4-10,24.804,66.762
Grid-4-11,24.804,66.78
Grid-4-12,24.804,66.798
Grid-4-13,24.804,66.816
Grid-4-14,24.804,66.834
Grid-4-15,24.804,66.852
Grid-4-16,24.804,66.87
Grid-4-17,24.804,66.888
Grid-4-18,24.804,66.906
Grid-4-19,24.804,66.924
Grid-4-20,24.804,66.942
Grid-4-21,24.804,66.96
Grid-4-22,24.804,66.978
Grid-4-23,24.804,66.996
Grid-4-24,24.804,67.014
Grid-4-25,24.804,67.032
Grid-4-26,24.804,67.05
Grid-4-27,24.804,67.068
Grid-4-28,24.804,67.086
Grid-5-1,24.822,66.6
Grid-5-2,24.822,66.618
Grid-5-3,24.822,66.636
Grid-5-4,24.822,66.654
Grid-5-5,24.822,66.672
Grid-5-6,24.822,66.69
Grid-5-7,24.822,66.708
Grid-5-8,24.822,66.726
Grid-5-9,24.822,66.744
Grid-5-10,24.822,66.762
Grid-5-11,24.822,66.78
Grid-5-12,24.822,66.798
Grid-5-13,24.822,66.816
Grid-5-14,24.822,66.834
Grid-5-15,24.822,66.852
Grid-5-16,24.822,66.87
Grid-5-17,24.822,66.888
Grid-5-18,24.822,66.906
Grid-5-19,24.822,66.924
Grid-5-20,24.822,66.942
Grid-5-21,24.822,66.96
Grid-5-22,24.822,66.978
Grid-5-23,24.822,66.996
Grid-5-24,24.822,67.014
Grid-5-25,24.822,67.032
Grid-5-26,24.822,67.05
Grid-5-27,24.822,67.068
Grid-5-28,24.822,67.086
Grid-6-1,24.84,66.6
Grid-6-2,24.84,66.618
Grid-6-3,24.84,66.636
Grid-6-4,24.84,66.654
Grid-6-5,24.84,66.672
Grid-6-6,24.84,66.69
Grid-6-7,24.84,66.708
Grid-6-8,24.84,66.726
Grid-6-9,24.84,66.744
Grid-6-10,24.84,66.762
Grid-6-11,24.84,66.78
Grid-6-12,24.84,66.798
Grid-6-13,24.84,66.816
Grid-6-14,24.84,66.834
Grid-6-15,24.84,66.852
Grid-6-16,24.84,66.87
Grid-6-17,24.84,66.888
Grid-6-18,24.84,66.906
Grid-6-19,24.84,66.924
Grid-6-20,24.84,66.942
Grid-6-21,24.84,66.96
Grid-6-22,24.84,66.978
Grid-6-23,24.84,66.996
Grid-6-24,24.84,67.014
Grid-6-25,24.84,67.032
Grid-6-26,24.84,67.05
Grid-6-27,24.84,67.068
Grid-6-28,24.84,67.086
Grid-7-1,24.858,66.6
Grid-7-2,24.858,66.618
Grid-7-3,24.858,66.636
Grid-7-4,24.858,66.654
Grid-7-5,24.858,66.672
Grid-7-6,24.858,66.69
Grid-7-7,24.858,66.708
Grid-7-8,24.858,66.726
Grid-7-9,24.858,66.744
Grid-7-10,24.858,66.762
Grid-7-11,24.858,66.78
Grid-7-12,24.858,66.798
Grid-7-13,24.858,66.816
Grid-7-14,24.858,66.834
Grid-7-15,24.858,66.852
Grid-7-16,24.858,66.87
Grid-7-17,24.858,66.888
Grid-7-18,24.858,66.906
Grid-7-19,24.858,66.924
Grid-7-20,24.858,66.942
Grid-7-21,24.858,66.96
Grid-7-22,24.858,66.978
Grid-7-23,24.858,66.996
Grid-7-24,24.858,67.014
Grid-7-25,24.858,67.032
Grid-7-26,24.858,67.05
Grid-7-27,24.858,67.068
Grid-7-28,24.858,67.086
Grid-8-1,24.876,66.6
Grid-8-2,24.876,66.618
Grid-8-3,24.876,66.636
Grid-8-4,24.876,66.654
Grid-8-5,24.876,66.672
Grid-8-6,24.876,66.69
Grid-8-7,24.876,66.708
Grid-8-8,24.876,66.726
Grid-8-9,24.876,66.744
Grid-8-10,24.876,66.762
Grid-8-11,24.876,66.78
Grid-8-12,24.876,66.798
Grid-8-13,24.876,66.816
Grid-8-14,24.876,66.834
Grid-8-15,24.876,66.852
Grid-8-16,24.876,66.87
Grid-8-17,24.876,66.888
Grid-8-18,24.876,66.906
Grid-8-19,24.876,66.924
Grid-8-20,24.876,66.942
Grid-8-21,24.876,66.96
Grid-8-22,24.876,66.978
Grid-8-23,24.876,66.996
Grid-8-24,24.876,67.014
Grid-8-25,24.876,67.032
Grid-8-26,24.876,67.05
Grid-8-27,24.876,67.068
Grid-8-28,24.876,67.086
Grid-9-1,24.894,66.6
Grid-9-2,24.894,66.618
Grid-9-3,24.894,66.636
Grid-9-4,24.894,66.654
Grid-9-5,24.894,66.672
Grid-9-6,24.894,66.69
Grid-9-7,24.894,66.708
Grid-9-8,24.894,66.726
Grid-9-9,24.894,66.744
Grid-9-10,24.894,66.762
Grid-9-11,24.894,66.78
Grid-9-12,24.894,66.798
Grid-9-13,24.894,66.816
Grid-9-14,24.894,66.834
Grid-9-15,24.894,66.852
Grid-9-16,24.894,66.87
Grid-9-17,24.894,66.888
Grid-9-18,24.894,66.906
Grid-9-19,24.894,66.924
Grid-9-20,24.894,66.942
Grid-9-21,24.894,66.96
Grid-9-22,24.894,66.978
Grid-9-23,24.894,66.996
Grid-9-24,24.894,67.014
Grid-9-25,24.894,67.032
Grid-9-26,24.894,67.05
Grid-9-27,24.894,67.068
Grid-9-28,24.894,67.086
Grid-10-1,24.912,66.6
Grid-10-2,24.912,66.618
Grid-10-3,24.912,66.636
Grid-10-4,24.912,66.654
Grid-10-5,24.912,66.672
Grid-10-6,24.912,66.69
Grid-10-7,24.912,66.708
Grid-10-8,24.912,66.726
Grid-10-9,24.912,66.744
Grid-10-10,24.912,66.762
Grid-10-11,24.912,66.78
Grid-10-12,24.912,66.798
Grid-10-13,24.912,66.816
Grid-10-14,24.912,66.834
Grid-10-15,24.912,66.852
Grid-10-16,24.912,66.87
Grid-10-17,24.912,66.888
Grid-10-18,24.912,66.906
Grid-10-19,24.912,66.924
Grid-10-20,24.912,66.942
Grid-10-21,24.912,66.96
Grid-10-22,24.912,66.978
Grid-10-23,24.912,66.996
Grid-10-24,24.912,67.014
Grid-10-25,24.912,67.032
Grid-10-26,24.912,67.05
Grid-10-27,24.912,67.068
Grid-10-28,24.912,67.086
Grid-11-1,24.93,66.6
Grid-11-2,24.93,66.618
Grid-11-3,24.93,66.636
Grid-11-4,24.93,66.654
Grid-11-5,24.93,66.672
Grid-11-6,24.93,66.69
Grid-11-7,24.93,66.708
Grid-11-8,24.93,66.726
Grid-11-9,24.93,66.744
Grid-11-10,24.93,66.762
Grid-11-11,24.93,66.78
Grid-11-12,24.93,66.798
Grid-11-13,24.93,66.816
Grid-11-14,24.93,66.834
Grid-11-15,24.93,66.852
Grid-11-16,24.93,66.87
Grid-11-17,24.93,66.888
Grid-11-18,24.93,66.906
Grid-11-19,24.93,66.924
Grid-11-20,24.93,66.942
Grid-11-21,24.93,66.96
Grid-11-22,24.93,66.978
Grid-11-23,24.93,66.996
Grid-11-24,24.93,67.014
Grid-11-25,24.93,67.032
Grid-11-26,24.93,67.05
Grid-11-27,24.93,67.068
Grid-11-28,24.93,67.086
Grid-12-1,24.948,66.6
Grid-12-2,24.948,66.618
Grid-12-3,24.948,66.636
Grid-12-4,24.948,66.654
Grid-12-5,24.948,66.672
Grid-12-6,24.948,66.69
Grid-12-7,24.948,66.708
Grid-12-8,24.948,66.726
Grid-12-9,24.948,66.744
Grid-12-10,24.948,66.762
Grid-12-11,24.948,66.78
Grid-12-12,24.948,66.798
Grid-12-13,24.948,66.816
Grid-12-14,24.948,66.834
Grid-12-15,24.948,66.852
Grid-12-16,24.948,66.87
Grid-12-17,24.948,66.888
Grid-12-18,24.948,66.906
Grid-12-19,24.948,66.924
Grid-12-20,24.948,66.942
Grid-12-21,24.948,66.96
Grid-12-22,24.948,66.978
Grid-12-23,24.948,66.996
Grid-12-24,24.948,67.014
Grid-12-25,24.948,67.032
Grid-12-26,24.948,67.05
Grid-12-27,24.948,67.068
Grid-12-28,24.948,67.086
Grid-13-1,24.966,66.6
Grid-13-2,24.966,66.618
Grid-13-3,24.966,66.636
Grid-13-4,24.966,66.654
Grid-13-5,24.966,66.672
Grid-13-6,24.966,66.69
Grid-13-7,24.966,66.708
Grid-13-8,24.966,66.726
Grid-13-9,24.966,66.744
Grid-13-10,24.966,66.762
Grid-13-11,24.966,66.78
Grid-13-12,24.966,66.798
Grid-13-13,24.966,66.816
Grid-13-14,24.966,66.834
Grid-13-15,24.966,66.852
Grid-13-16,24.966,66.87
Grid-13-17,24.966,66.888
Grid-13-18,24.966,66.906
Grid-13-19,24.966,66.924
Grid-13-20,24.966,66.942
Grid-13-21,24.966,66.96
Grid-13-22,24.966,66.978
Grid-13-23,24.966,66.996
Grid-13-24,24.966,67.014
Grid-13-25,24.966,67.032
Grid-13-26,24.966,67.05
Grid-13-27,24.966,67.068
Grid-13-28,24.966,67.086
Grid-14-1,24.984,66.6
Grid-14-2,24.984,66.618
Grid-14-3,24.984,66.636
Grid-14-4,24.984,66.654
Grid-14-5,24.984,66.672
Grid-14-6,24.984,66.69
Grid-14-7,24.984,66.708
Grid-14-8,24.984,66.726
Grid-14-9,24.984,66.744
Grid-14-10,24.984,66.762
Grid-14-11,24.984,66.78
Grid-14-12,24.984,66.798
Grid-14-13,24.984,66.816
Grid-14-14,24.984,66.834
Grid-14-15,24.984,66.852
Grid-14-16,24.984,66.87
Grid-14-17,24.984,66.888
Grid-14-18,24.984,66.906
Grid-14-19,24.984,66.924
Grid-14-20,24.984,66.942
Grid-14-21,24.984,66.96
Grid-14-22,24.984,66.978
Grid-14-23,24.984,66.996
Grid-14-24,24.984,67.014
Grid-14-25,24.984,67.032
Grid-14-26,24.984,67.05
Grid-14-27,24.984,67.068
Grid-14-28,24.984,67.086
Grid-15-1,25.002,66.6
Grid-15-2,25.002,66.618
Grid-15-3,25.002,66.636
Grid-15-4,25.002,66.654
Grid-15-5,25.002,66.672
Grid-15-6,25.002,66.69
Grid-15-7,25.002,66.708
Grid-15-8,25.002,66.726
Grid-15-9,25.002,66.744
Grid-15-10,25.002,66.762
Grid-15-11,25.002,66.78
Grid-15-12,25.002,66.798
Grid-15-13,25.002,66.816
Grid-15-14,25.002,66.834
Grid-15-15,25.002,66.852
Grid-15-16,25.002,66.87
Grid-15-17,25.002,66.888
Grid-15-18,25.002,66.906
Grid-15-19,25.002,66.924
Grid-15-20,25.002,66.942
Grid-15-21,25.002,66.96
Grid-15-22,25.002,66.978
Grid-15-23,25.002,66.996
Grid-15-24,25.002,67.014
Grid-15-25,25.002,67.032
Grid-15-26,25.002,67.05
Grid-15-27,25.002,67.068
Grid-15-28,25.002,67.086
Grid-16-1,25.02,66.6
Grid-16-2,25.02,66.618
Grid-16-3,25.02,66.636
Grid-16-4,25.02,66.654
Grid-16-5,25.02,66.672
Grid-16-6,25.02,66.69
Grid-16-7,25.02,66.708
Grid-16-8,25.02,66.726
Grid-16-9,25.02,66.744
Grid-16-10,25.02,66.762
Grid-16-11,25.02,66.78
Grid-16-12,25.02,66.798
Grid-16-13,25.02,66.816
Grid-16-14,25.02,66.834
Grid-16-15,25.02,66.852
Grid-16-16,25.02,66.87
Grid-16-17,25.02,66.888
Grid-16-18,25.02,66.906
Grid-16-19,25.02,66.924
Grid-16-20,25.02,66.942
Grid-16-21,25.02,66.96
Grid-16-22,25.02,66.978
Grid-16-23,25.02,66.996
Grid-16-24,25.02,67.014
Grid-16-25,25.02,67.032
Grid-16-26,25.02,67.05
Grid-16-27,25.02,67.068
Grid-16-28,25.02,67.086
Grid-17-1,25.038,66.6
Grid-17-2,25.038,66.618
Grid-17-3,25.038,66.636
Grid-17-4,25.038,66.654
Grid-17-5,25.038,66.672
Grid-17-6,25.038,66.69
Grid-17-7,25.038,66.708
Grid-17-8,25.038,66.726
Grid-17-9,25.038,66.744
Grid-17-10,25.038,66.762
Grid-17-11,25.038,66.78
Grid-17-12,25.038,66.798
Grid-17-13,25.038,66.816
Grid-17-14,25.038,66.834
Grid-17-15,25.038,66.852
Grid-17-16,25.038,66.87
Grid-17-17,25.038,66.888
Grid-17-18,25.038,66.906
Grid-17-19,25.038,66.924
Grid-17-20,25.038,66.942
Grid-17-21,25.038,66.96
Grid-17-22,25.038,66.978
Grid-17-23,25.038,66.996
Grid-17-24,25.038,67.014
Grid-17-25,25.038,67.032
Grid-17-26,25.038,67.05
Grid-17-27,25.038,67.068
Grid-17-28,25.038,67.086
Grid-18-1,25.056,66.6
Grid-18-2,25.056,66.618
Grid-18-3,25.056,66.636
Grid-18-4,25.056,66.654
Grid-18-5,25.056,66.672
Grid-18-6,25.056,66.69
Grid-18-7,25.056,66.708
Grid-18-8,25.056,66.726
Grid-18-9,25.056,66.744
Grid-18-10,25.056,66.762
Grid-18-11,25.056,66.78
Grid-18-12,25.056,66.798
Grid-18-13,25.056,66.816
Grid-18-14,25.056,66.834
Grid-18-15,25.056,66.852
Grid-18-16,25.056,66.87
Grid-18-17,25.056,66.888
Grid-18-18,25.056,66.906
Grid-18-19,25.056,66.924
Grid-18-20,25.056,66.942
Grid-18-21,25.056,66.96
Grid-18-22,25.056,66.978
Grid-18-23,25.056,66.996
Grid-18-24,25.056,67.014
Grid-18-25,25.056,67.032
Grid-18-26,25.056,67.05
Grid-18-27,25.056,67.068
Grid-18-28,25.056,67.086
Grid-19-1,25.074,66.6
Grid-19-2,25.074,66.618
Grid-19-3,25.074,66.636
Grid-19-4,25.074,66.654
Grid-19-5,25.074,66.672
Grid-19-6,25.074,66.69
Grid-19-7,25.074,66.708
Grid-19-8,25.074,66.726
Grid-19-9,25.074,66.744
Grid-19-10,25.074,66.762
Grid-19-11,25.074,66.78
Grid-19-12,25.074,66.798
Grid-19-13,25.074,66.816
Grid-19-14,25.074,66.834
Grid-19-15,25.074,66.852
Grid-19-16,25.074,66.87
Grid-19-17,25.074,66.888
Grid-19-18,25.074,66.906
Grid-19-19,25.074,66.924
Grid-19-20,25.074,66.942
Grid-19-21,25.074,66.96
Grid-19-22,25.074,66.978
Grid-19-23,25.074,66.996
Grid-19-24,25.074,67.014
Grid-19-25,25.074,67.032
Grid-19-26,25.074,67.05
Grid-19-27,25.074,67.068
Grid-19-28,25.074,67.086
Grid-20-1,25.092,66.6
Grid-20-2,25.092,66.618
Grid-20-3,25.092,66.636
Grid-20-4,25.092,66.654
Grid-20-5,25.092,66.672
Grid-20-6,25.092,66.69
Grid-20-7,25.092,66.708
Grid-20-8,25.092,66.726
Grid-20-9,25.092,66.744
Grid-20-10,25.092,66.762
Grid-20-11,25.092,66.78
Grid-20-12,25.092,66.798
Grid-20-13,25.092,66.816
Grid-20-14,25.092,66.834
Grid-20-15,25.092,66.852
Grid-20-16,25.092,66.87
Grid-20-17,25.092,66.888
Grid-20-18,25.092,66.906
Grid-20-19,25.092,66.924
Grid-20-20,25.092,66.942
Grid-20-21,25.092,66.96
Grid-20-22,25.092,66.978
Grid-20-23,25.092,66.996
Grid-20-24,25.092,67.014
Grid-20-25,25.092,67.032
Grid-20-26,25.092,67.05
Grid-20-27,25.092,67.068
Grid-20-28,25.092,67.086
Grid-21-1,25.11,66.6
Grid-21-2,25.11,66.618
Grid-21-3,25.11,66.636
Grid-21-4,25.11,66.654
Grid-21-5,25.11,66.672
Grid-21-6,25.11,66.69
Grid-21-7,25.11,66.708
Grid-21-8,25.11,66.726
Grid-21-9,25.11,66.744
Grid-21-10,25.11,66.762
Grid-21-11,25.11,66.78
Grid-21-12,25.11,66.798
Grid-21-13,25.11,66.816
Grid-21-14,25.11,66.834
Grid-21-15,25.11,66.852
Grid-21-16,25.11,66.87
Grid-21-17,25.11,66.888
Grid-21-18,25.11,66.906
Grid-21-19,25.11,66.924
Grid-21-20,25.11,66.942
Grid-21-21,25.11,66.96
Grid-21-22,25.11,66.978
Grid-21-23,25.11,66.996
Grid-21-24,25.11,67.014
Grid-21-25,25.11,67.032
Grid-21-26,25.11,67.05
Grid-21-27,25.11,67.068
Grid-21-28,25.11,67.086
Grid-22-1,25.128,66.6
Grid-22-2,25.128,66.618
Grid-22-3,25.128,66.636
Grid-22-4,25.128,66.654
Grid-22-5,25.128,66.672
Grid-22-6,25.128,66.69
Grid-22-7,25.128,66.708
Grid-22-8,25.128,66.726
Grid-22-9,25.128,66.744
Grid-22-10,25.128,66.762
Grid-22-11,25.128,66.78
Grid-22-12,25.128,66.798
Grid-22-13,25.128,66.816
Grid-22-14,25.128,66.834
Grid-22-15,25.128,66.852
Grid-22-16,25.128,66.87
Grid-22-17,25.128,66.888
Grid-22-18,25.128,66.906
Grid-22-19,25.128,66.924
Grid-22-20,25.128,66.942
Grid-22-21,25.128,66.96
Grid-22-22,25.128,66.978
Grid-22-23,25.128,66.996
Grid-22-24,25.128,67.014
Grid-22-25,25.128,67.032
Grid-22-26,25.128,67.05
Grid-22-27,25.128,67.068
Grid-22-28,25.128,67.086
Grid-23-1,25.146,66.6
Grid-23-2,25.146,66.618
Grid-23-3,25.146,66.636
Grid-23-4,25.146,66.654
Grid-23-5,25.146,66.672
Grid-23-6,25.146,66.69
Grid-23-7,25.146,66.708
Grid-23-8,25.146,66.726
Grid-23-9,25.146,66.744
Grid-23-10,25.146,66.762
Grid-23-11,25.146,66.78
Grid-23-12,25.146,66.798
Grid-23-13,25.146,66.816
Grid-23-14,25.146,66.834
Grid-23-15,25.146,66.852
Grid-23-16,25.146,66.87
Grid-23-17,25.146,66.888
Grid-23-18,25.146,66.906
Grid-23-19,25.146,66.924
Grid-23-20,25.146,66.942
Grid-23-21,25.146,66.96
Grid-23-22,25.146,66.978
Grid-23-23,25.146,66.996
Grid-23-24,25.146,67.014
Grid-23-25,25.146,67.032
Grid-23-26,25.146,67.05
Grid-23-27,25.146,67.068
Grid-23-28,25.146,67.086
Grid-24-1,25.164,66.6
Grid-24-2,25.164,66.618
Grid-24-3,25.164,66.636
Grid-24-4,25.164,66.654
Grid-24-5,25.164,66.672
Grid-24-6,25.164,66.69
Grid-24-7,25.164,66.708
Grid-24-8,25.164,66.726
Grid-24-9,25.164,66.744
Grid-24-10,25.164,66.762
Grid-24-11,25.164,66.78
Grid-24-12,25.164,66.798
Grid-24-13,25.164,66.816
Grid-24-14,25.164,66.834
Grid-24-15,25.164,66.852
Grid-24-16,25.164,66.87
Grid-24-17,25.164,66.888
Grid-24-18,25.164,66.906
Grid-24-19,25.164,66.924
Grid-24-20,25.164,66.942
Grid-24-21,25.164,66.96
Grid-24-22,25.164,66.978
Grid-24-23,25.164,66.996
Grid-24-24,25.164,67.014
Grid-24-25,25.164,67.032
Grid-24-26,25.164,67.05
Grid-24-27,25.164,67.068
Grid-24-28,25.164,67.086
Grid-25-1,25.182,66.6
Grid-25-2,25.182,66.618
Grid-25-3,25.182,66.636
Grid-25-4,25.182,66.654
Grid-25-5,25.182,66.672
Grid-25-6,25.182,66.69
Grid-25-7,25.182,66.708
Grid-25-8,25.182,66.726
Grid-25-9,25.182,66.744
Grid-25-10,25.182,66.762
Grid-25-11,25.182,66.78
Grid-25-12,25.182,66.798
Grid-25-13,25.182,66.816
Grid-25-14,25.182,66.834
Grid-25-15,25.182,66.852
Grid-25-16,25.182,66.87
Grid-25-17,25.182,66.888
Grid-25-18,25.182,66.906
Grid-25-19,25.182,66.924
Grid-25-20,25.182,66.942
Grid-25-21,25.182,66.96
Grid-25-22,25.182,66.978
Grid-25-23,25.182,66.996
Grid-25-24,25.182,67.014
Grid-25-25,25.182,67.032
Grid-25-26,25.182,67.05
Grid-25-27,25.182,67.068
Grid-25-28,25.182,67.086
Grid-26-1,25.2,66.6
Grid-26-2,25.2,66.618
Grid-26-3,25.2,66.636
Grid-26-4,25.2,66.654
Grid-26-5,25.2,66.672
Grid-26-6,25.2,66.69
Grid-26-7,25.2,66.708
Grid-26-8,25.2,66.726
Grid-26-9,25.2,66.744
Grid-26-10,25.2,66.762
Grid-26-11,25.2,66.78
Grid-26-12,25.2,66.798
Grid-26-13,25.2,66.816
Grid-26-14,25.2,66.834
Grid-26-15,25.2,66.852
Grid-26-16,25.2,66.87
Grid-26-17,25.2,66.888
Grid-26-18,25.2,66.906
Grid-26-19,25.2,66.924
Grid-26-20,25.2,66.942
Grid-26-21,25.2,66.96
Grid-26-22,25.2,66.978
Grid-26-23,25.2,66.996
Grid-26-24,25.2,67.014
Grid-26-25,25.2,67.032
Grid-26-26,25.2,67.05
Grid-26-27,25.2,67.068
Grid-26-28,25.2,67.086
Grid-27-1,25.218,66.6
Grid-27-2,25.218,66.618
Grid-27-3,25.218,66.636
Grid-27-4,25.218,66.654
Grid-27-5,25.218,66.672
Grid-27-6,25.218,66.69
Grid-27-7,25.218,66.708
Grid-27-8,25.218,66.726
Grid-27-9,25.218,66.744
Grid-27-10,25.218,66.762
Grid-27-11,25.218,66.78
Grid-27-12,25.218,66.798
Grid-27-13,25.218,66.816
Grid-27-14,25.218,66.834
Grid-27-15,25.218,66.852
Grid-27-16,25.218,66.87
Grid-27-17,25.218,66.888
Grid-27-18,25.218,66.906
Grid-27-19,25.218,66.924
Grid-27-20,25.218,66.942
Grid-27-21,25.218,66.96
Grid-27-22,25.218,66.978
Grid-27-23,25.218,66.996
Grid-27-24,25.218,67.014
Grid-27-25,25.218,67.032
Grid-27-26,25.218,67.05
Grid-27-27,25.218,67.068
Grid-27-28,25.218,67.086
Grid-28-1,25.236,66.6
Grid-28-2,25.236,66.618
Grid-28-3,25.236,66.636
Grid-28-4,25.236,66.654
Grid-28-5,25.236,66.672
Grid-28-6,25.236,66.69
Grid-28-7,25.236,66.708
Grid-28-8,25.236,66.726
Grid-28-9,25.236,66.744
Grid-28-10,25.236,66.762
Grid-28-11,25.236,66.78
Grid-28-12,25.236,66.798
Grid-28-13,25.236,66.816
Grid-28-14,25.236,66.834
Grid-28-15,25.236,66.852
Grid-28-16,25.236,66.87
Grid-28-17,25.236,66.888
Grid-28-18,25.236,66.906
Grid-28-19,25.236,66.924
Grid-28-20,25.236,66.942
Grid-28-21,25.236,66.96
Grid-28-22,25.236,66.978
Grid-28-23,25.236,66.996
Grid-28-24,25.236,67.014
Grid-28-25,25.236,67.032
Grid-28-26,25.236,67.05
Grid-28-27,25.236,67.068
Grid-28-28,25.236,67.086
Grid-29-1,25.254,66.6
Grid-29-2,25.254,66.618
Grid-29-3,25.254,66.636
Grid-29-4,25.254,66.654
Grid-29-5,25.254,66.672
Grid-29-6,25.254,66.69
Grid-29-7,25.254,66.708
Grid-29-8,25.254,66.726
Grid-29-9,25.254,66.744
Grid-29-10,25.254,66.762
Grid-29-11,25.254,66.78
Grid-29-12,25.254,66.798
Grid-29-13,25.254,66.816
Grid-29-14,25.254,66.834
Grid-29-15,25.254,66.852
Grid-29-16,25.254,66.87
Grid-29-17,25.254,66.888
Grid-29-18,25.254,66.906
Grid-29-19,25.254,66.924
Grid-29-20,25.254,66.942
Grid-29-21,25.254,66.96
Grid-29-22,25.254,66.978
Grid-29-23,25.254,66.996
Grid-29-24,25.254,67.014
Grid-29-25,25.254,67.032
Grid-29-26,25.254,67.05
Grid-29-27,25.254,67.068
Grid-29-28,25.254,67.086
Grid-30-1,25.272,66.6
Grid-30-2,25.272,66.618
Grid-30-3,25.272,66.636
Grid-30-4,25.272,66.654
Grid-30-5,25.272,66.672
Grid-30-6,25.272,66.69
Grid-30-7,25.272,66.708
Grid-30-8,25.272,66.726
Grid-30-9,25.272,66.744
Grid-30-10,25.272,66.762
Grid-30-11,25.272,66.78
Grid-30-12,25.272,66.798
Grid-30-13,25.272,66.816
Grid-30-14,25.272,66.834
Grid-30-15,25.272,66.852
Grid-30-16,25.272,66.87
Grid-30-17,25.272,66.888
Grid-30-18,25.272,66.906
Grid-30-19,25.272,66.924
Grid-30-20,25.272,66.942
Grid-30-21,25.272,66.96
Grid-30-22,25.272,66.978
Grid-30-23,25.272,66.996
Grid-30-24,25.272,67.014
Grid-30-25,25.272,67.032
Grid-30-26,25.272,67.05
Grid-30-27,25.272,67.068
Grid-30-28,25.272,67.086
Grid-31-1,25.29,66.6
Grid-31-2,25.29,66.618
Grid-31-3,25.29,66.636
Grid-31-4,25.29,66.654
Grid-31-5,25.29,66.672
Grid-31-6,25.29,66.69
Grid-31-7,25.29,66.708
Grid-31-8,25.29,66.726
Grid-31-9,25.29,66.744
Grid-31-10,25.29,66.762
Grid-31-11,25.29,66.78
Grid-31-12,25.29,66.798
Grid-31-13,25.29,66.816
Grid-31-14,25.29,66.834
Grid-31-15,25.29,66.852
Grid-31-16,25.29,66.87
Grid-31-17,25.29,66.888
Grid-31-18,25.29,66.906
Grid-31-19,25.29,66.924
Grid-31-20,25.29,66.942
Grid-31-21,25.29,66.96
Grid-31-22,25.29,66.978
Grid-31-23,25.29,66.996
Grid-31-24,25.29,67.014
Grid-31-25,25.29,67.032
Grid-31-26,25.29,67.05
Grid-31-27,25.29,67.068
Grid-31-28,25.29,67.086
Grid-32-1,25.308,66.6
Grid-32-2,25.308,66.618
Grid-32-3,25.308,66.636
Grid-32-4,25.308,66.654
Grid-32-5,25.308,66.672
Grid-32-6,25.308,66.69
Grid-32-7,25.308,66.708
Grid-32-8,25.308,66.726
Grid-32-9,25.308,66.744
Grid-32-10,25.308,66.762
Grid-32-11,25.308,66.78
Grid-32-12,25.308,66.798
Grid-32-13,25.308,66.816
Grid-32-14,25.308,66.834
Grid-32-15,25.308,66.852
Grid-32-16,25.308,66.87
Grid-32-17,25.308,66.888
Grid-32-18,25.308,66.906
Grid-32-19,25.308,66.924
Grid-32-20,25.308,66.942
Grid-32-21,25.308,66.96
Grid-32-22,25.308,66.978
Grid-32-23,25.308,66.996
Grid-32-24,25.308,67.014
Grid-32-25,25.308,67.032
Grid-32-26,25.308,67.05
Grid-32-27,25.308,67.068
Grid-32-28,25.308,67.086
Grid-33-1,25.326,66.6
Grid-33-2,25.326,66.618
Grid-33-3,25.326,66.636
Grid-33-4,25.326,66.654
Grid-33-5,25.326,66.672
Grid-33-6,25.326,66.69
Grid-33-7,25.326,66.708
Grid-33-8,25.326,66.726
Grid-33-9,25.326,66.744
Grid-33-10,25.326,66.762
Grid-33-11,25.326,66.78
Grid-33-12,25.326,66.798
Grid-33-13,25.326,66.816
Grid-33-14,25.326,66.834
Grid-33-15,25.326,66.852
Grid-33-16,25.326,66.87
Grid-33-17,25.326,66.888
Grid-33-18,25.326,66.906
Grid-33-19,25.326,66.924
Grid-33-20,25.326,66.942
Grid-33-21,25.326,66.96
Grid-33-22,25.326,66.978
Grid-33-23,25.326,66.996
Grid-33-24,25.326,67.014
Grid-33-25,25.326,67.032
Grid-33-26,25.326,67.05
Grid-33-27,25.326,67.068
Grid-33-28,25.326,67.086
Grid-34-1,25.344,66.6
Grid-34-2,25.344,66.618
Grid-34-3,25.344,66.636
Grid-34-4,25.344,66.654
Grid-34-5,25.344,66.672
Grid-34-6,25.344,66.69
Grid-34-7,25.344,66.708
Grid-34-8,25.344,66.726
Grid-34-9,25.344,66.744
Grid-34-10,25.344,66.762
Grid-34-11,25.344,66.78
Grid-34-12,25.344,66.798
Grid-34-13,25.344,66.816
Grid-34-14,25.344,66.834
Grid-34-15,25.344,66.852
Grid-34-16,25.344,66.87
Grid-34-17,25.344,66.888
Grid-34-18,25.344,66.906
Grid-34-19,25.344,66.924
Grid-34-20,25.344,66.942
Grid-34-21,25.344,66.96
Grid-34-22,25.344,66.978
Grid-34-23,25.344,66.996
Grid-34-24,25.344,67.014
Grid-34-25,25.344,67.032
Grid-34-26,25.344,67.05
Grid-34-27,25.344,67.068
Grid-34-28,25.344,67.086
Grid-35-1,25.362,66.6
Grid-35-2,25.362,66.618
Grid-35-3,25.362,66.636
Grid-35-4,25.362,66.654
Grid-35-5,25.362,66.672
Grid-35-6,25.362,66.69
Grid-35-7,25.362,66.708
Grid-35-8,25.362,66.726
Grid-35-9,25.362,66.744
Grid-35-10,25.362,66.762
Grid-35-11,25.362,66.78
Grid-35-12,25.362,66.798
Grid-35-13,25.362,66.816
Grid-35-14,25.362,66.834
Grid-35-15,25.362,66.852
Grid-35-16,25.362,66.87
Grid-35-17,25.362,66.888
Grid-35-18,25.362,66.906
Grid-35-19,25.362,66.924
Grid-35-20,25.362,66.942
Grid-35-21,25.362,66.96
Grid-35-22,25.362,66.978
Grid-35-23,25.362,66.996
Grid-35-24,25.362,67.014
Grid-35-25,25.362,67.032
Grid-35-26,25.362,67.05
Grid-35-27,25.362,67.068
Grid-35-28,25.362,67.086
Grid-36-1,25.38,66.6
Grid-36-2,25.38,66.618
Grid-36-3,25.38,66.636
Grid-36-4,25.38,66.654
Grid-36-5,25.38,66.672
Grid-36-6,25.38,66.69
Grid-36-7,25.38,66.708
Grid-36-8,25.38,66.726
Grid-36-9,25.38,66.744
Grid-36-10,25.38,66.762
Grid-36-11,25.38,66.78
Grid-36-12,25.38,66.798
Grid-36-13,25.38,66.816
Grid-36-14,25.38,66.834
Grid-36-15,25.38,66.852
Grid-36-16,25.38,66.87
Grid-36-17,25.38,66.888
Grid-36-18,25.38,66.906
Grid-36-19,25.38,66.924
Grid-36-20,25.38,66.942
Grid-36-21,25.38,66.96
Grid-36-22,25.38,66.978
Grid-36-23,25.38,66.996
Grid-36-24,25.38,67.014
Grid-36-25,25.38,67.032
Grid-36-26,25.38,67.05
Grid-36-27,25.38,67.068
Grid-36-28,25.38,67.086
Grid-37-1,25.398,66.6
Grid-37-2,25.398,66.618
Grid-37-3,25.398,66.636
Grid-37-4,25.398,66.654
Grid-37-5,25.398,66.672
Grid-37-6,25.398,66.69
Grid-37-7,25.398,66.708
Grid-37-8,25.398,66.726
Grid-37-9,25.398,66.744
Grid-37-10,25.398,66.762
Grid-37-11,25.398,66.78
Grid-37-12,25.398,66.798
Grid-37-13,25.398,66.816
Grid-37-14,25.398,66.834
Grid-37-15,25.398,66.852
Grid-37-16,25.398,66.87
Grid-37-17,25.398,66.888
Grid-37-18,25.398,66.906
Grid-37-19,25.398,66.924
Grid-37-20,25.398,66.942
Grid-37-21,25.398,66.96
Grid-37-22,25.398,66.978
Grid-37-23,25.398,66.996
Grid-37-24,25.398,67.014
Grid-37-25,25.398,67.032
Grid-37-26,25.398,67.05
Grid-37-27,25.398,67.068
Grid-37-28,25.398,67.086
Grid-38-1,25.416,66.6
Grid-38-2,25.416,66.618
Grid-38-3,25.416,66.636
Grid-38-4,25.416,66.654
Grid-38-5,25.416,66.672
Grid-38-6,25.416,66.69
Grid-38-7,25.416,66.708
Grid-38-8,25.416,66.726
Grid-38-9,25.416,66.744
Grid-38-10,25.416,66.762
Grid-38-11,25.416,66.78
Grid-38-12,25.416,66.798
Grid-38-13,25.416,66.816
Grid-38-14,25.416,66.834
Grid-38-15,25.416,66.852
Grid-38-16,25.416,66.87
Grid-38-17,25.416,66.888
Grid-38-18,25.416,66.906
Grid-38-19,25.416,66.924
Grid-38-20,25.416,66.942
Grid-38-21,25.416,66.96
Grid-38-22,25.416,66.978
Grid-38-23,25.416,66.996
Grid-38-24,25.416,67.014
Grid-38-25,25.416,67.032
Grid-38-26,25.416,67.05
Grid-38-27,25.416,67.068
Grid-38-28,25.416,67.086
Grid-39-1,25.434,66.6
Grid-39-2,25.434,66.618
Grid-39-3,25.434,66.636
Grid-39-4,25.434,66.654
Grid-39-5,25.434,66.672
Grid-39-6,25.434,66.69
Grid-39-7,25.434,66.708
Grid-39-8,25.434,66.726
Grid-39-9,25.434,66.744
Grid-39-10,25.434,66.762
Grid-39-11,25.434,66.78
Grid-39-12,25.434,66.798
Grid-39-13,25.434,66.816
Grid-39-14,25.434,66.834
Grid-39-15,25.434,66.852
Grid-39-16,25.434,66.87
Grid-39-17,25.434,66.888
Grid-39-18,25.434,66.906
Grid-39-19,25.434,66.924
Grid-39-20,25.434,66.942
Grid-39-21,25.434,66.96
Grid-39-22,25.434,66.978
Grid-39-23,25.434,66.996
Grid-39-24,25.434,67.014
Grid-39-25,25.434,67.032
Grid-39-26,25.434,67.05
Grid-39-27,25.434,67.068
Grid-39-28,25.434,67.086
